barcodeNumber,platePosition,bcSet,bc,seqPrimer,seqPrimerGC,seqPrimerTm,seqPrimer Hairpin Tm,seqPrimer deltaG,stdAmp,stdAmpGC,stdAmpTm,stdAmp Hairpin Tm,stdAmp deltaG,SISPAprimer,,,,,,,,,,,,,,
1,A1,set26,TACAGAC,TCTTCCGATCTGCCGCCTTACACTGACTTGAGT,51.51515152,65.20624639,0,2.218329053,GCCGCCTTACACTGACTTGAGTTACAGAC,51.72413793,61.08262129,0,7.702147528,GCCGCCTTACACTGACTTGAGTTACAGACNNNNNN,,,,,,,,,,,,,,
2,A2,set26,TCCTGCA,TCTTCCGATCTGCCGCCTTACACTGACTTGAGT,51.51515152,65.20624639,0,2.218329053,GCCGCCTTACACTGACTTGAGTTCCTGCA,55.17241379,64.1408935,0,8.582210524,GCCGCCTTACACTGACTTGAGTTCCTGCANNNNNN,,,,,,,,,,,,,,
3,A3,set26,AGACACT,TCTTCCGATCTGCCGCCTTACACTGACTTGAGT,51.51515152,65.20624639,0,2.218329053,GCCGCCTTACACTGACTTGAGTAGACACT,51.72413793,61.67604762,35.45677983,8.218967522,GCCGCCTTACACTGACTTGAGTAGACACTNNNNNN,,,,,,,,,,,,,,
4,A4,set26,GCCGTAA,TCTTCCGATCTGCCGCCTTACACTGACTTGAGT,51.51515152,65.20624639,0,2.218329053,GCCGCCTTACACTGACTTGAGTGCCGTAA,55.17241379,64.1604277,41.73440642,3.992746524,GCCGCCTTACACTGACTTGAGTGCCGTAANNNNNN,,,,,,,,,,,,,,
5,A5,set26,CCACGTT,TCTTCCGATCTGCCGCCTTACACTGACTTGAGT,51.51515152,65.20624639,0,2.218329053,GCCGCCTTACACTGACTTGAGTCCACGTT,55.17241379,64.11859985,40.77643765,5.315209024,GCCGCCTTACACTGACTTGAGTCCACGTTNNNNNN,,,,,,,,,,,,,,
6,A6,set26,ACTAGAC,TCTTCCGATCTGCCGCCTTACACTGACTTGAGT,51.51515152,65.20624639,0,2.218329053,GCCGCCTTACACTGACTTGAGTACTAGAC,51.72413793,60.31509481,0,4.934409522,GCCGCCTTACACTGACTTGAGTACTAGACNNNNNN,,,,,,,,,,,,,,
7,A7,set26,TACGCCA,TCTTCCGATCTGCCGCCTTACACTGACTTGAGT,51.51515152,65.20624639,0,2.218329053,GCCGCCTTACACTGACTTGAGTTACGCCA,55.17241379,64.1604277,0,9.905899528,GCCGCCTTACACTGACTTGAGTTACGCCANNNNNN,,,,,,,,,,,,,,
8,A8,set26,ATCGAGC,TCTTCCGATCTGCCGCCTTACACTGACTTGAGT,51.51515152,65.20624639,0,2.218329053,GCCGCCTTACACTGACTTGAGTATCGAGC,55.17241379,62.65067337,29.36931487,8.356909033,GCCGCCTTACACTGACTTGAGTATCGAGCNNNNNN,,,,,,,,,,,,,,
9,A9,set26,ATCGGAA,TCTTCCGATCTGCCGCCTTACACTGACTTGAGT,51.51515152,65.20624639,0,2.218329053,GCCGCCTTACACTGACTTGAGTATCGGAA,51.72413793,61.96123699,26.33646525,2.849295533,GCCGCCTTACACTGACTTGAGTATCGGAANNNNNN,,,,,,,,,,,,,,
10,A10,set26,TGAATCC,TCTTCCGATCTGCCGCCTTACACTGACTTGAGT,51.51515152,65.20624639,0,2.218329053,GCCGCCTTACACTGACTTGAGTTGAATCC,51.72413793,61.51924948,0,8.170198524,GCCGCCTTACACTGACTTGAGTTGAATCCNNNNNN,,,,,,,,,,,,,,
11,A11,set26,CCTAGCT,TCTTCCGATCTGCCGCCTTACACTGACTTGAGT,51.51515152,65.20624639,0,2.218329053,GCCGCCTTACACTGACTTGAGTCCTAGCT,55.17241379,63.19128969,40.77643765,3.291814022,GCCGCCTTACACTGACTTGAGTCCTAGCTNNNNNN,,,,,,,,,,,,,,
12,A12,set26,CTCAGCA,TCTTCCGATCTGCCGCCTTACACTGACTTGAGT,51.51515152,65.20624639,0,2.218329053,GCCGCCTTACACTGACTTGAGTCTCAGCA,55.17241379,63.74784121,41.94078819,2.862300524,GCCGCCTTACACTGACTTGAGTCTCAGCANNNNNN,,,,,,,,,,,,,,
13,B1,set26,CCTATGC,TCTTCCGATCTGCCGCCTTACACTGACTTGAGT,51.51515152,65.20624639,0,2.218329053,GCCGCCTTACACTGACTTGAGTCCTATGC,55.17241379,62.62675373,40.77643765,4.607314028,GCCGCCTTACACTGACTTGAGTCCTATGCNNNNNN,,,,,,,,,,,,,,
14,B2,set26,TAACGCT,TCTTCCGATCTGCCGCCTTACACTGACTTGAGT,51.51515152,65.20624639,0,2.218329053,GCCGCCTTACACTGACTTGAGTTAACGCT,51.72413793,62.71612231,0,7.036823533,GCCGCCTTACACTGACTTGAGTTAACGCTNNNNNN,,,,,,,,,,,,,,
15,B3,set26,GAAGTTC,TCTTCCGATCTGCCGCCTTACACTGACTTGAGT,51.51515152,65.20624639,0,2.218329053,GCCGCCTTACACTGACTTGAGTGAAGTTC,51.72413793,61.4653389,40.05141998,4.858236531,GCCGCCTTACACTGACTTGAGTGAAGTTCNNNNNN,,,,,,,,,,,,,,
16,B4,set26,TCGGAAG,TCTTCCGATCTGCCGCCTTACACTGACTTGAGT,51.51515152,65.20624639,0,2.218329053,GCCGCCTTACACTGACTTGAGTTCGGAAG,55.17241379,62.94393608,0,4.591147528,GCCGCCTTACACTGACTTGAGTTCGGAAGNNNNNN,,,,,,,,,,,,,,
17,B5,set26,ACTGAAT,TCTTCCGATCTGCCGCCTTACACTGACTTGAGT,51.51515152,65.20624639,0,2.218329053,GCCGCCTTACACTGACTTGAGTACTGAAT,48.27586207,60.46217897,0,6.783347022,GCCGCCTTACACTGACTTGAGTACTGAATNNNNNN,,,,,,,,,,,,,,
18,B6,set26,GAGTTGC,TCTTCCGATCTGCCGCCTTACACTGACTTGAGT,51.51515152,65.20624639,0,2.218329053,GCCGCCTTACACTGACTTGAGTGAGTTGC,55.17241379,63.32330578,40.69534324,3.589844531,GCCGCCTTACACTGACTTGAGTGAGTTGCNNNNNN,,,,,,,,,,,,,,
19,B7,set26,TGACGGC,TCTTCCGATCTGCCGCCTTACACTGACTTGAGT,51.51515152,65.20624639,0,2.218329053,GCCGCCTTACACTGACTTGAGTTGACGGC,58.62068966,64.97183262,0,3.981913535,GCCGCCTTACACTGACTTGAGTTGACGGCNNNNNN,,,,,,,,,,,,,,
20,B8,set26,TAAGAGC,TCTTCCGATCTGCCGCCTTACACTGACTTGAGT,51.51515152,65.20624639,0,2.218329053,GCCGCCTTACACTGACTTGAGTTAAGAGC,51.72413793,61.32246344,36.49246128,6.406617537,GCCGCCTTACACTGACTTGAGTTAAGAGCNNNNNN,,,,,,,,,,,,,,
21,B9,set26,TCAGACA,TCTTCCGATCTGCCGCCTTACACTGACTTGAGT,51.51515152,65.20624639,0,2.218329053,GCCGCCTTACACTGACTTGAGTTCAGACA,51.72413793,62.25162801,28.49706131,4.541884526,GCCGCCTTACACTGACTTGAGTTCAGACANNNNNN,,,,,,,,,,,,,,
22,B10,set26,TCTGGAA,TCTTCCGATCTGCCGCCTTACACTGACTTGAGT,51.51515152,65.20624639,0,2.218329053,GCCGCCTTACACTGACTTGAGTTCTGGAA,51.72413793,62.26067663,0,9.716320526,GCCGCCTTACACTGACTTGAGTTCTGGAANNNNNN,,,,,,,,,,,,,,
23,B11,set26,ATGCCAA,TCTTCCGATCTGCCGCCTTACACTGACTTGAGT,51.51515152,65.20624639,0,2.218329053,GCCGCCTTACACTGACTTGAGTATGCCAA,51.72413793,62.54819965,0,6.341231528,GCCGCCTTACACTGACTTGAGTATGCCAANNNNNN,,,,,,,,,,,,,,
24,B12,set26,ATCATGT,TCTTCCGATCTGCCGCCTTACACTGACTTGAGT,51.51515152,65.20624639,0,2.218329053,GCCGCCTTACACTGACTTGAGTATCATGT,48.27586207,60.51085117,36.25315318,6.246124533,GCCGCCTTACACTGACTTGAGTATCATGTNNNNNN,,,,,,,,,,,,,,
25,C1,set26,TCCAATG,TCTTCCGATCTGCCGCCTTACACTGACTTGAGT,51.51515152,65.20624639,0,2.218329053,GCCGCCTTACACTGACTTGAGTTCCAATG,51.72413793,61.71081669,29.90226224,9.096132524,GCCGCCTTACACTGACTTGAGTTCCAATGNNNNNN,,,,,,,,,,,,,,
26,C2,set26,TACACGT,TCTTCCGATCTGCCGCCTTACACTGACTTGAGT,51.51515152,65.20624639,0,2.218329053,GCCGCCTTACACTGACTTGAGTTACACGT,51.72413793,62.47630818,30.38560137,10.25363353,GCCGCCTTACACTGACTTGAGTTACACGTNNNNNN,,,,,,,,,,,,,,
27,C3,set26,AGCTGGC,TCTTCCGATCTGCCGCCTTACACTGACTTGAGT,51.51515152,65.20624639,0,2.218329053,GCCGCCTTACACTGACTTGAGTAGCTGGC,58.62068966,64.43964334,0,6.298161542,GCCGCCTTACACTGACTTGAGTAGCTGGCNNNNNN,,,,,,,,,,,,,,
28,C4,set26,ACTAACG,TCTTCCGATCTGCCGCCTTACACTGACTTGAGT,51.51515152,65.20624639,0,2.218329053,GCCGCCTTACACTGACTTGAGTACTAACG,51.72413793,60.93472228,0,8.990107528,GCCGCCTTACACTGACTTGAGTACTAACGNNNNNN,,,,,,,,,,,,,,
29,C5,set26,TATCCGC,TCTTCCGATCTGCCGCCTTACACTGACTTGAGT,51.51515152,65.20624639,0,2.218329053,GCCGCCTTACACTGACTTGAGTTATCCGC,55.17241379,63.0367016,0,14.10673053,GCCGCCTTACACTGACTTGAGTTATCCGCNNNNNN,,,,,,,,,,,,,,
30,C6,set26,ATGCTTC,TCTTCCGATCTGCCGCCTTACACTGACTTGAGT,51.51515152,65.20624639,0,2.218329053,GCCGCCTTACACTGACTTGAGTATGCTTC,51.72413793,61.37062872,0,5.855511528,GCCGCCTTACACTGACTTGAGTATGCTTCNNNNNN,,,,,,,,,,,,,,
31,C7,set26,TGTGACT,TCTTCCGATCTGCCGCCTTACACTGACTTGAGT,51.51515152,65.20624639,0,2.218329053,GCCGCCTTACACTGACTTGAGTTGTGACT,51.72413793,62.44456538,37.05647579,2.235962026,GCCGCCTTACACTGACTTGAGTTGTGACTNNNNNN,,,,,,,,,,,,,,
32,C8,set26,CCAATCG,TCTTCCGATCTGCCGCCTTACACTGACTTGAGT,51.51515152,65.20624639,0,2.218329053,GCCGCCTTACACTGACTTGAGTCCAATCG,55.17241379,62.99215432,40.77643765,2.349427024,GCCGCCTTACACTGACTTGAGTCCAATCGNNNNNN,,,,,,,,,,,,,,
33,C9,set26,CCAACGT,TCTTCCGATCTGCCGCCTTACACTGACTTGAGT,51.51515152,65.20624639,0,2.218329053,GCCGCCTTACACTGACTTGAGTCCAACGT,55.17241379,64.11859985,40.77643765,2.533643024,GCCGCCTTACACTGACTTGAGTCCAACGTNNNNNN,,,,,,,,,,,,,,
34,C10,set26,TAGACTG,TCTTCCGATCTGCCGCCTTACACTGACTTGAGT,51.51515152,65.20624639,0,2.218329053,GCCGCCTTACACTGACTTGAGTTAGACTG,51.72413793,60.89204514,31.37007055,5.728472524,GCCGCCTTACACTGACTTGAGTTAGACTGNNNNNN,,,,,,,,,,,,,,
35,C11,set26,TACCTGA,TCTTCCGATCTGCCGCCTTACACTGACTTGAGT,51.51515152,65.20624639,0,2.218329053,GCCGCCTTACACTGACTTGAGTTACCTGA,51.72413793,61.87352006,0,4.13807052,GCCGCCTTACACTGACTTGAGTTACCTGANNNNNN,,,,,,,,,,,,,,
36,C12,set26,AGCATCA,TCTTCCGATCTGCCGCCTTACACTGACTTGAGT,51.51515152,65.20624639,0,2.218329053,GCCGCCTTACACTGACTTGAGTAGCATCA,51.72413793,62.15683681,0,13.03078653,GCCGCCTTACACTGACTTGAGTAGCATCANNNNNN,,,,,,,,,,,,,,
37,D1,set26,TAACCAG,TCTTCCGATCTGCCGCCTTACACTGACTTGAGT,51.51515152,65.20624639,0,2.218329053,GCCGCCTTACACTGACTTGAGTTAACCAG,51.72413793,61.27856919,0,2.380917524,GCCGCCTTACACTGACTTGAGTTAACCAGNNNNNN,,,,,,,,,,,,,,
38,D2,set26,GCTATAT,TCTTCCGATCTGCCGCCTTACACTGACTTGAGT,51.51515152,65.20624639,0,2.218329053,GCCGCCTTACACTGACTTGAGTGCTATAT,48.27586207,60.36511574,41.73440642,8.941154524,GCCGCCTTACACTGACTTGAGTGCTATATNNNNNN,,,,,,,,,,,,,,
39,D3,set26,TGGACAT,TCTTCCGATCTGCCGCCTTACACTGACTTGAGT,51.51515152,65.20624639,0,2.218329053,GCCGCCTTACACTGACTTGAGTTGGACAT,51.72413793,62.50338951,0,7.858611526,GCCGCCTTACACTGACTTGAGTTGGACATNNNNNN,,,,,,,,,,,,,,
40,D4,set26,GCCTATA,TCTTCCGATCTGCCGCCTTACACTGACTTGAGT,51.51515152,65.20624639,0,2.218329053,GCCGCCTTACACTGACTTGAGTGCCTATA,51.72413793,61.77782958,41.73440642,9.426874524,GCCGCCTTACACTGACTTGAGTGCCTATANNNNNN,,,,,,,,,,,,,,
41,D5,set26,CCAGTAC,TCTTCCGATCTGCCGCCTTACACTGACTTGAGT,51.51515152,65.20624639,0,2.218329053,GCCGCCTTACACTGACTTGAGTCCAGTAC,55.17241379,62.33778922,40.77643765,4.632680531,GCCGCCTTACACTGACTTGAGTCCAGTACNNNNNN,,,,,,,,,,,,,,
42,D6,set26,ATCCATG,TCTTCCGATCTGCCGCCTTACACTGACTTGAGT,51.51515152,65.20624639,0,2.218329053,GCCGCCTTACACTGACTTGAGTATCCATG,51.72413793,60.9919754,0,8.145759528,GCCGCCTTACACTGACTTGAGTATCCATGNNNNNN,,,,,,,,,,,,,,
43,D7,set26,ACTACGA,TCTTCCGATCTGCCGCCTTACACTGACTTGAGT,51.51515152,65.20624639,0,2.218329053,GCCGCCTTACACTGACTTGAGTACTACGA,51.72413793,61.52098914,0,6.206082528,GCCGCCTTACACTGACTTGAGTACTACGANNNNNN,,,,,,,,,,,,,,
44,D8,set26,TTGCGAG,TCTTCCGATCTGCCGCCTTACACTGACTTGAGT,51.51515152,65.20624639,0,2.218329053,GCCGCCTTACACTGACTTGAGTTTGCGAG,55.17241379,63.54144992,0,6.289617531,GCCGCCTTACACTGACTTGAGTTTGCGAGNNNNNN,,,,,,,,,,,,,,
45,D9,set26,GAAGACT,TCTTCCGATCTGCCGCCTTACACTGACTTGAGT,51.51515152,65.20624639,0,2.218329053,GCCGCCTTACACTGACTTGAGTGAAGACT,51.72413793,62.06267281,40.69534324,7.316592031,GCCGCCTTACACTGACTTGAGTGAAGACTNNNNNN,,,,,,,,,,,,,,
46,D10,set26,TACCACG,TCTTCCGATCTGCCGCCTTACACTGACTTGAGT,51.51515152,65.20624639,0,2.218329053,GCCGCCTTACACTGACTTGAGTTACCACG,55.17241379,62.93919228,0,11.12789053,GCCGCCTTACACTGACTTGAGTTACCACGNNNNNN,,,,,,,,,,,,,,
47,D11,set26,TATAGCA,TCTTCCGATCTGCCGCCTTACACTGACTTGAGT,51.51515152,65.20624639,0,2.218329053,GCCGCCTTACACTGACTTGAGTTATAGCA,48.27586207,60.51027878,0,12.14797703,GCCGCCTTACACTGACTTGAGTTATAGCANNNNNN,,,,,,,,,,,,,,
48,D12,set26,TGAGCAA,TCTTCCGATCTGCCGCCTTACACTGACTTGAGT,51.51515152,65.20624639,0,2.218329053,GCCGCCTTACACTGACTTGAGTTGAGCAA,51.72413793,62.87299801,0,10.52259853,GCCGCCTTACACTGACTTGAGTTGAGCAANNNNNN,,,,,,,,,,,,,,
49,E1,set26,TCATCTG,TCTTCCGATCTGCCGCCTTACACTGACTTGAGT,51.51515152,65.20624639,0,2.218329053,GCCGCCTTACACTGACTTGAGTTCATCTG,51.72413793,61.3239415,0,7.358905528,GCCGCCTTACACTGACTTGAGTTCATCTGNNNNNN,,,,,,,,,,,,,,
50,E2,set26,AGCTAAG,TCTTCCGATCTGCCGCCTTACACTGACTTGAGT,51.51515152,65.20624639,0,2.218329053,GCCGCCTTACACTGACTTGAGTAGCTAAG,51.72413793,60.7482396,0,7.347229537,GCCGCCTTACACTGACTTGAGTAGCTAAGNNNNNN,,,,,,,,,,,,,,
51,E3,set26,AGCGTAC,TCTTCCGATCTGCCGCCTTACACTGACTTGAGT,51.51515152,65.20624639,0,2.218329053,GCCGCCTTACACTGACTTGAGTAGCGTAC,55.17241379,62.59848901,26.29616529,3.221301528,GCCGCCTTACACTGACTTGAGTAGCGTACNNNNNN,,,,,,,,,,,,,,
52,E4,set26,ATAAGCT,TCTTCCGATCTGCCGCCTTACACTGACTTGAGT,51.51515152,65.20624639,0,2.218329053,GCCGCCTTACACTGACTTGAGTATAAGCT,48.27586207,60.31642218,0,8.989143533,GCCGCCTTACACTGACTTGAGTATAAGCTNNNNNN,,,,,,,,,,,,,,
53,E5,set26,TCACAGG,TCTTCCGATCTGCCGCCTTACACTGACTTGAGT,51.51515152,65.20624639,0,2.218329053,GCCGCCTTACACTGACTTGAGTTCACAGG,55.17241379,62.91098906,0,5.075644528,GCCGCCTTACACTGACTTGAGTTCACAGGNNNNNN,,,,,,,,,,,,,,
54,E6,set26,TAGCATC,TCTTCCGATCTGCCGCCTTACACTGACTTGAGT,51.51515152,65.20624639,0,2.218329053,GCCGCCTTACACTGACTTGAGTTAGCATC,51.72413793,61.37062872,30.7486738,7.138228524,GCCGCCTTACACTGACTTGAGTTAGCATCNNNNNN,,,,,,,,,,,,,,
55,E7,set26,AGGTTCC,TCTTCCGATCTGCCGCCTTACACTGACTTGAGT,51.51515152,65.20624639,0,2.218329053,GCCGCCTTACACTGACTTGAGTAGGTTCC,55.17241379,62.3471683,0,10.63078253,GCCGCCTTACACTGACTTGAGTAGGTTCCNNNNNN,,,,,,,,,,,,,,
56,E8,set26,GCATAGC,TCTTCCGATCTGCCGCCTTACACTGACTTGAGT,51.51515152,65.20624639,0,2.218329053,GCCGCCTTACACTGACTTGAGTGCATAGC,55.17241379,63.23082804,41.73440642,5.794723526,GCCGCCTTACACTGACTTGAGTGCATAGCNNNNNN,,,,,,,,,,,,,,
57,E9,set26,AGCCTGG,TCTTCCGATCTGCCGCCTTACACTGACTTGAGT,51.51515152,65.20624639,0,2.218329053,GCCGCCTTACACTGACTTGAGTAGCCTGG,58.62068966,64.03287073,0,10.96988253,GCCGCCTTACACTGACTTGAGTAGCCTGGNNNNNN,,,,,,,,,,,,,,
58,E10,set26,ATGAACC,TCTTCCGATCTGCCGCCTTACACTGACTTGAGT,51.51515152,65.20624639,0,2.218329053,GCCGCCTTACACTGACTTGAGTATGAACC,51.72413793,61.1348703,0,7.785691526,GCCGCCTTACACTGACTTGAGTATGAACCNNNNNN,,,,,,,,,,,,,,
59,E11,set26,ATCACAG,TCTTCCGATCTGCCGCCTTACACTGACTTGAGT,51.51515152,65.20624639,0,2.218329053,GCCGCCTTACACTGACTTGAGTATCACAG,51.72413793,60.94025256,0,5.351214528,GCCGCCTTACACTGACTTGAGTATCACAGNNNNNN,,,,,,,,,,,,,,
60,E12,set26,GAGACCT,TCTTCCGATCTGCCGCCTTACACTGACTTGAGT,51.51515152,65.20624639,0,2.218329053,GCCGCCTTACACTGACTTGAGTGAGACCT,55.17241379,63.33469764,40.69534324,5.179127522,GCCGCCTTACACTGACTTGAGTGAGACCTNNNNNN,,,,,,,,,,,,,,
61,F1,set26,CTAGGTC,TCTTCCGATCTGCCGCCTTACACTGACTTGAGT,51.51515152,65.20624639,0,2.218329053,GCCGCCTTACACTGACTTGAGTCTAGGTC,55.17241379,61.95737325,41.94078819,3.752597028,GCCGCCTTACACTGACTTGAGTCTAGGTCNNNNNN,,,,,,,,,,,,,,
62,F2,set26,ATAGCAC,TCTTCCGATCTGCCGCCTTACACTGACTTGAGT,51.51515152,65.20624639,0,2.218329053,GCCGCCTTACACTGACTTGAGTATAGCAC,51.72413793,60.98742936,0,9.006999031,GCCGCCTTACACTGACTTGAGTATAGCACNNNNNN,,,,,,,,,,,,,,
63,F3,set26,AGATCAT,TCTTCCGATCTGCCGCCTTACACTGACTTGAGT,51.51515152,65.20624639,0,2.218329053,GCCGCCTTACACTGACTTGAGTAGATCAT,48.27586207,60.12162798,33.59430019,8.303175522,GCCGCCTTACACTGACTTGAGTAGATCATNNNNNN,,,,,,,,,,,,,,
64,F4,set26,TCGAGGA,TCTTCCGATCTGCCGCCTTACACTGACTTGAGT,51.51515152,65.20624639,0,2.218329053,GCCGCCTTACACTGACTTGAGTTCGAGGA,55.17241379,63.55105293,0,5.300818528,GCCGCCTTACACTGACTTGAGTTCGAGGANNNNNN,,,,,,,,,,,,,,
65,F5,set26,CCGTTAT,TCTTCCGATCTGCCGCCTTACACTGACTTGAGT,51.51515152,65.20624639,0,2.218329053,GCCGCCTTACACTGACTTGAGTCCGTTAT,51.72413793,62.15425866,40.77643765,6.115304026,GCCGCCTTACACTGACTTGAGTCCGTTATNNNNNN,,,,,,,,,,,,,,
66,F6,set26,TAGTACA,TCTTCCGATCTGCCGCCTTACACTGACTTGAGT,51.51515152,65.20624639,0,2.218329053,GCCGCCTTACACTGACTTGAGTTAGTACA,48.27586207,60.21899962,36.20572907,2.261281526,GCCGCCTTACACTGACTTGAGTTAGTACANNNNNN,,,,,,,,,,,,,,
67,F7,set26,TATGGTC,TCTTCCGATCTGCCGCCTTACACTGACTTGAGT,51.51515152,65.20624639,0,2.218329053,GCCGCCTTACACTGACTTGAGTTATGGTC,51.72413793,61.1348703,0,8.532668531,GCCGCCTTACACTGACTTGAGTTATGGTCNNNNNN,,,,,,,,,,,,,,
68,F8,set26,TTAACGC,TCTTCCGATCTGCCGCCTTACACTGACTTGAGT,51.51515152,65.20624639,0,2.218329053,GCCGCCTTACACTGACTTGAGTTTAACGC,51.72413793,62.11720521,0,13.92013353,GCCGCCTTACACTGACTTGAGTTTAACGCNNNNNN,,,,,,,,,,,,,,
69,F9,set26,AGTTCGG,TCTTCCGATCTGCCGCCTTACACTGACTTGAGT,51.51515152,65.20624639,0,2.218329053,GCCGCCTTACACTGACTTGAGTAGTTCGG,55.17241379,62.56380374,32.6406781,6.725035537,GCCGCCTTACACTGACTTGAGTAGTTCGGNNNNNN,,,,,,,,,,,,,,
70,F10,set26,TCGATCT,TCTTCCGATCTGCCGCCTTACACTGACTTGAGT,51.51515152,65.20624639,0,2.218329053,GCCGCCTTACACTGACTTGAGTTCGATCT,51.72413793,62.14912253,0,11.33635553,GCCGCCTTACACTGACTTGAGTTCGATCTNNNNNN,,,,,,,,,,,,,,
71,F11,set26,TGACATA,TCTTCCGATCTGCCGCCTTACACTGACTTGAGT,51.51515152,65.20624639,0,2.218329053,GCCGCCTTACACTGACTTGAGTTGACATA,48.27586207,60.65550576,0,7.458076518,GCCGCCTTACACTGACTTGAGTTGACATANNNNNN,,,,,,,,,,,,,,
72,F12,set26,ACGCATA,TCTTCCGATCTGCCGCCTTACACTGACTTGAGT,51.51515152,65.20624639,0,2.218329053,GCCGCCTTACACTGACTTGAGTACGCATA,51.72413793,62.19069672,0,5.809651528,GCCGCCTTACACTGACTTGAGTACGCATANNNNNN,,,,,,,,,,,,,,
73,G1,set26,AGCAGAT,TCTTCCGATCTGCCGCCTTACACTGACTTGAGT,51.51515152,65.20624639,0,2.218329053,GCCGCCTTACACTGACTTGAGTAGCAGAT,51.72413793,61.9674541,30.67703926,4.415031526,GCCGCCTTACACTGACTTGAGTAGCAGATNNNNNN,,,,,,,,,,,,,,
74,G2,set26,TATTCCG,TCTTCCGATCTGCCGCCTTACACTGACTTGAGT,51.51515152,65.20624639,0,2.218329053,GCCGCCTTACACTGACTTGAGTTATTCCG,51.72413793,61.36858056,0,11.87638053,GCCGCCTTACACTGACTTGAGTTATTCCGNNNNNN,,,,,,,,,,,,,,
75,G3,set26,GAACCTT,TCTTCCGATCTGCCGCCTTACACTGACTTGAGT,51.51515152,65.20624639,0,2.218329053,GCCGCCTTACACTGACTTGAGTGAACCTT,51.72413793,62.45445521,40.69534324,3.526784022,GCCGCCTTACACTGACTTGAGTGAACCTTNNNNNN,,,,,,,,,,,,,,
76,G4,set26,TTCATCG,TCTTCCGATCTGCCGCCTTACACTGACTTGAGT,51.51515152,65.20624639,0,2.218329053,GCCGCCTTACACTGACTTGAGTTTCATCG,51.72413793,61.7436289,0,12.69161003,GCCGCCTTACACTGACTTGAGTTTCATCGNNNNNN,,,,,,,,,,,,,,
77,G5,set26,TACGATT,TCTTCCGATCTGCCGCCTTACACTGACTTGAGT,51.51515152,65.20624639,0,2.218329053,GCCGCCTTACACTGACTTGAGTTACGATT,48.27586207,60.89389067,0,7.776015524,GCCGCCTTACACTGACTTGAGTTACGATTNNNNNN,,,,,,,,,,,,,,
78,G6,set26,CCTTATG,TCTTCCGATCTGCCGCCTTACACTGACTTGAGT,51.51515152,65.20624639,0,2.218329053,GCCGCCTTACACTGACTTGAGTCCTTATG,51.72413793,60.94354387,40.77643765,4.453658524,GCCGCCTTACACTGACTTGAGTCCTTATGNNNNNN,,,,,,,,,,,,,,
79,G7,set26,ATTGCTA,TCTTCCGATCTGCCGCCTTACACTGACTTGAGT,51.51515152,65.20624639,0,2.218329053,GCCGCCTTACACTGACTTGAGTATTGCTA,48.27586207,60.51027878,0,6.055698528,GCCGCCTTACACTGACTTGAGTATTGCTANNNNNN,,,,,,,,,,,,,,
80,G8,set26,ATACCGT,TCTTCCGATCTGCCGCCTTACACTGACTTGAGT,51.51515152,65.20624639,0,2.218329053,GCCGCCTTACACTGACTTGAGTATACCGT,51.72413793,61.76879398,0,10.92523403,GCCGCCTTACACTGACTTGAGTATACCGTNNNNNN,,,,,,,,,,,,,,
81,G9,set26,GACCGTG,TCTTCCGATCTGCCGCCTTACACTGACTTGAGT,51.51515152,65.20624639,0,2.218329053,GCCGCCTTACACTGACTTGAGTGACCGTG,58.62068966,64.55335878,40.69534324,2.888432022,GCCGCCTTACACTGACTTGAGTGACCGTGNNNNNN,,,,,,,,,,,,,,
82,G10,set26,ATCGCCT,TCTTCCGATCTGCCGCCTTACACTGACTTGAGT,51.51515152,65.20624639,0,2.218329053,GCCGCCTTACACTGACTTGAGTATCGCCT,55.17241379,63.65015094,0,9.832855531,GCCGCCTTACACTGACTTGAGTATCGCCTNNNNNN,,,,,,,,,,,,,,
83,G11,set26,TAGCTAT,TCTTCCGATCTGCCGCCTTACACTGACTTGAGT,51.51515152,65.20624639,0,2.218329053,GCCGCCTTACACTGACTTGAGTTAGCTAT,48.27586207,60.31642218,30.7486738,7.607778524,GCCGCCTTACACTGACTTGAGTTAGCTATNNNNNN,,,,,,,,,,,,,,
84,G12,set26,TCCGCAT,TCTTCCGATCTGCCGCCTTACACTGACTTGAGT,51.51515152,65.20624639,0,2.218329053,GCCGCCTTACACTGACTTGAGTTCCGCAT,55.17241379,64.40748088,0,10.97101753,GCCGCCTTACACTGACTTGAGTTCCGCATNNNNNN,,,,,,,,,,,,,,
85,H1,set26,CTAAGAG,TCTTCCGATCTGCCGCCTTACACTGACTTGAGT,51.51515152,65.20624639,0,2.218329053,GCCGCCTTACACTGACTTGAGTCTAAGAG,51.72413793,60.50815,41.94078819,2.241890535,GCCGCCTTACACTGACTTGAGTCTAAGAGNNNNNN,,,,,,,,,,,,,,
86,H2,set26,AGATGCA,TCTTCCGATCTGCCGCCTTACACTGACTTGAGT,51.51515152,65.20624639,0,2.218329053,GCCGCCTTACACTGACTTGAGTAGATGCA,51.72413793,62.15683681,0,8.317344031,GCCGCCTTACACTGACTTGAGTAGATGCANNNNNN,,,,,,,,,,,,,,
87,H3,set26,TCCTTAG,TCTTCCGATCTGCCGCCTTACACTGACTTGAGT,51.51515152,65.20624639,0,2.218329053,GCCGCCTTACACTGACTTGAGTTCCTTAG,51.72413793,60.89512638,0,7.711948018,GCCGCCTTACACTGACTTGAGTTCCTTAGNNNNNN,,,,,,,,,,,,,,
88,H4,set26,AGAACTG,TCTTCCGATCTGCCGCCTTACACTGACTTGAGT,51.51515152,65.20624639,0,2.218329053,GCCGCCTTACACTGACTTGAGTAGAACTG,51.72413793,60.89204514,0,6.322926015,GCCGCCTTACACTGACTTGAGTAGAACTGNNNNNN,,,,,,,,,,,,,,
89,H5,set26,GCCTGAC,TCTTCCGATCTGCCGCCTTACACTGACTTGAGT,51.51515152,65.20624639,0,2.218329053,GCCGCCTTACACTGACTTGAGTGCCTGAC,58.62068966,64.57974758,41.73440642,4.59342602,GCCGCCTTACACTGACTTGAGTGCCTGACNNNNNN,,,,,,,,,,,,,,
90,H6,set26,ATGTCTG,TCTTCCGATCTGCCGCCTTACACTGACTTGAGT,51.51515152,65.20624639,0,2.218329053,GCCGCCTTACACTGACTTGAGTATGTCTG,51.72413793,60.94025256,33.77345848,5.403835524,GCCGCCTTACACTGACTTGAGTATGTCTGNNNNNN,,,,,,,,,,,,,,
91,H7,set26,TGGAACG,TCTTCCGATCTGCCGCCTTACACTGACTTGAGT,51.51515152,65.20624639,0,2.218329053,GCCGCCTTACACTGACTTGAGTTGGAACG,55.17241379,63.31791548,0,7.770649028,GCCGCCTTACACTGACTTGAGTTGGAACGNNNNNN,,,,,,,,,,,,,,
92,H8,set26,TGCACTA,TCTTCCGATCTGCCGCCTTACACTGACTTGAGT,51.51515152,65.20624639,0,2.218329053,GCCGCCTTACACTGACTTGAGTTGCACTA,51.72413793,62.48926798,0,7.178641524,GCCGCCTTACACTGACTTGAGTTGCACTANNNNNN,,,,,,,,,,,,,,
93,H9,set26,ACGTCCA,TCTTCCGATCTGCCGCCTTACACTGACTTGAGT,51.51515152,65.20624639,0,2.218329053,GCCGCCTTACACTGACTTGAGTACGTCCA,55.17241379,63.54520811,0,10.26802053,GCCGCCTTACACTGACTTGAGTACGTCCANNNNNN,,,,,,,,,,,,,,
94,H10,set26,CTTCCGA,TCTTCCGATCTGCCGCCTTACACTGACTTGAGT,51.51515152,65.20624639,0,2.218329053,GCCGCCTTACACTGACTTGAGTCTTCCGA,55.17241379,63.55105293,41.94078819,2.447267022,GCCGCCTTACACTGACTTGAGTCTTCCGANNNNNN,,,,,,,,,,,,,,
95,H11,set26,TTGCAGT,TCTTCCGATCTGCCGCCTTACACTGACTTGAGT,51.51515152,65.20624639,0,2.218329053,GCCGCCTTACACTGACTTGAGTTTGCAGT,51.72413793,63.06519702,0,4.007792026,GCCGCCTTACACTGACTTGAGTTTGCAGTNNNNNN,,,,,,,,,,,,,,
96,H12,set26,ATCTCGA,TCTTCCGATCTGCCGCCTTACACTGACTTGAGT,51.51515152,65.20624639,0,2.218329053,GCCGCCTTACACTGACTTGAGTATCTCGA,51.72413793,61.57183132,28.28933192,6.753442528,GCCGCCTTACACTGACTTGAGTATCTCGANNNNNN,,,,,,,,,,,,,,
,,,,,,,,,,,,,,,,,,,,,,,,,,,,
,,,,,,,,,,,,,,,,,,,,,,,,,,,,
,,,,,,,,,,,,,,,,,,,,,,,,,,,,
,,,,,,,,,,,,,,,,,,,,,,,,,,,,
,,,,,,,,,,,,,,,,,,,,,,,,,,,,
,,,,,,,,,,,,,,,,,,,,,,,,,,,,
,,,,,,,,,,,,,,,,,,,,,,,,,,,,
,,,,,,,,,,,,,,,,,,,,,,,,,,,,
,,,,,,,,,,,,,,,,,,,,,,,,,,,,
,,,,,,,,,,,,,,,,,,,,,,,,,,,,
,,,,,,,,,,,,,,,,,,,,,,,,,,,,
,,,,,,,,,,,,,,,,,,,,,,,,,,,,
,,,,,,,,,,,,,,,,,,,,,,,,,,,,
,,,,,,,,,,,,,,,,,,,,,,,,,,,,
,,,,,,,,,,,,,,,,,,,,,,,,,,,,
,,,,,,,,,,,,,,,,,,,,,,,,,,,,
,,,,,,,,,,,,,,,,,,,,,,,,,,,,
,,,,,,,,,,,,,,,,,,,,,,,,,,,,
,,,,,,,,,,,,,,,,,,,,,,,,,,,,
,,,,,,,,,,,,,,,,,,,,,,,,,,,,
,,,,,,,,,,,,,,,,,,,,,,,,,,,,
,,,,,,,,,,,,,,,,,,,,,,,,,,,,
,,,,,,,,,,,,,,,,,,,,,,,,,,,,
,,,,,,,,,,,,,,,,,,,,,,,,,,,,
,,,,,,,,,,,,,,,,,,,,,,,,,,,,
,,,,,,,,,,,,,,,,,,,,,,,,,,,,
,,,,,,,,,,,,,,,,,,,,,,,,,,,,
,,,,,,,,,,,,,,,,,,,,,,,,,,,,
,,,,,,,,,,,,,,,,,,,,,,,,,,,,
,,,,,,,,,,,,,,,,,,,,,,,,,,,,
,,,,,,,,,,,,,,,,,,,,,,,,,,,,
,,,,,,,,,,,,,,,,,,,,,,,,,,,,
,,,,,,,,,,,,,,,,,,,,,,,,,,,,
,,,,,,,,,,,,,,,,,,,,,,,,,,,,
,,,,,,,,,,,,,,,,,,,,,,,,,,,,
,,,,,,,,,,,,,,,,,,,,,,,,,,,,
,,,,,,,,,,,,,,,,,,,,,,,,,,,,
,,,,,,,,,,,,,,,,,,,,,,,,,,,,
,,,,,,,,,,,,,,,,,,,,,,,,,,,,
,,,,,,,,,,,,,,,,,,,,,,,,,,,,
,,,,,,,,,,,,,,,,,,,,,,,,,,,,
,,,,,,,,,,,,,,,,,,,,,,,,,,,,
,,,,,,,,,,,,,,,,,,,,,,,,,,,,
,,,,,,,,,,,,,,,,,,,,,,,,,,,,
,,,,,,,,,,,,,,,,,,,,,,,,,,,,
,,,,,,,,,,,,,,,,,,,,,,,,,,,,
,,,,,,,,,,,,,,,,,,,,,,,,,,,,
,,,,,,,,,,,,,,,,,,,,,,,,,,,,
,,,,,,,,,,,,,,,,,,,,,,,,,,,,
,,,,,,,,,,,,,,,,,,,,,,,,,,,,
,,,,,,,,,,,,,,,,,,,,,,,,,,,,
,,,,,,,,,,,,,,,,,,,,,,,,,,,,
,,,,,,,,,,,,,,,,,,,,,,,,,,,,
,,,,,,,,,,,,,,,,,,,,,,,,,,,,
,,,,,,,,,,,,,,,,,,,,,,,,,,,,
,,,,,,,,,,,,,,,,,,,,,,,,,,,,
,,,,,,,,,,,,,,,,,,,,,,,,,,,,
,,,,,,,,,,,,,,,,,,,,,,,,,,,,
,,,,,,,,,,,,,,,,,,,,,,,,,,,,
,,,,,,,,,,,,,,,,,,,,,,,,,,,,
,,,,,,,,,,,,,,,,,,,,,,,,,,,,
,,,,,,,,,,,,,,,,,,,,,,,,,,,,
,,,,,,,,,,,,,,,,,,,,,,,,,,,,
,,,,,,,,,,,,,,,,,,,,,,,,,,,,
,,,,,,,,,,,,,,,,,,,,,,,,,,,,
,,,,,,,,,,,,,,,,,,,,,,,,,,,,
,,,,,,,,,,,,,,,,,,,,,,,,,,,,
,,,,,,,,,,,,,,,,,,,,,,,,,,,,
,,,,,,,,,,,,,,,,,,,,,,,,,,,,
,,,,,,,,,,,,,,,,,,,,,,,,,,,,
,,,,,,,,,,,,,,,,,,,,,,,,,,,,
,,,,,,,,,,,,,,,,,,,,,,,,,,,,
,,,,,,,,,,,,,,,,,,,,,,,,,,,,
,,,,,,,,,,,,,,,,,,,,,,,,,,,,
,,,,,,,,,,,,,,,,,,,,,,,,,,,,
,,,,,,,,,,,,,,,,,,,,,,,,,,,,
,,,,,,,,,,,,,,,,,,,,,,,,,,,,
,,,,,,,,,,,,,,,,,,,,,,,,,,,,
,,,,,,,,,,,,,,,,,,,,,,,,,,,,
,,,,,,,,,,,,,,,,,,,,,,,,,,,,
,,,,,,,,,,,,,,,,,,,,,,,,,,,,
,,,,,,,,,,,,,,,,,,,,,,,,,,,,
,,,,,,,,,,,,,,,,,,,,,,,,,,,,
,,,,,,,,,,,,,,,,,,,,,,,,,,,,
,,,,,,,,,,,,,,,,,,,,,,,,,,,,
,,,,,,,,,,,,,,,,,,,,,,,,,,,,
,,,,,,,,,,,,,,,,,,,,,,,,,,,,
,,,,,,,,,,,,,,,,,,,,,,,,,,,,
,,,,,,,,,,,,,,,,,,,,,,,,,,,,
,,,,,,,,,,,,,,,,,,,,,,,,,,,,
,,,,,,,,,,,,,,,,,,,,,,,,,,,,
,,,,,,,,,,,,,,,,,,,,,,,,,,,,
,,,,,,,,,,,,,,,,,,,,,,,,,,,,
,,,,,,,,,,,,,,,,,,,,,,,,,,,,
,,,,,,,,,,,,,,,,,,,,,,,,,,,,
,,,,,,,,,,,,,,,,,,,,,,,,,,,,
,,,,,,,,,,,,,,,,,,,,,,,,,,,,
,,,,,,,,,,,,,,,,,,,,,,,,,,,,
,,,,,,,,,,,,,,,,,,,,,,,,,,,,
,,,,,,,,,,,,,,,,,,,,,,,,,,,,
,,,,,,,,,,,,,,,,,,,,,,,,,,,,
,,,,,,,,,,,,,,,,,,,,,,,,,,,,
,,,,,,,,,,,,,,,,,,,,,,,,,,,,
,,,,,,,,,,,,,,,,,,,,,,,,,,,,
,,,,,,,,,,,,,,,,,,,,,,,,,,,,
,,,,,,,,,,,,,,,,,,,,,,,,,,,,
,,,,,,,,,,,,,,,,,,,,,,,,,,,,
,,,,,,,,,,,,,,,,,,,,,,,,,,,,
,,,,,,,,,,,,,,,,,,,,,,,,,,,,
,,,,,,,,,,,,,,,,,,,,,,,,,,,,
,,,,,,,,,,,,,,,,,,,,,,,,,,,,
,,,,,,,,,,,,,,,,,,,,,,,,,,,,
,,,,,,,,,,,,,,,,,,,,,,,,,,,,
,,,,,,,,,,,,,,,,,,,,,,,,,,,,
,,,,,,,,,,,,,,,,,,,,,,,,,,,,
,,,,,,,,,,,,,,,,,,,,,,,,,,,,
,,,,,,,,,,,,,,,,,,,,,,,,,,,,
,,,,,,,,,,,,,,,,,,,,,,,,,,,,
,,,,,,,,,,,,,,,,,,,,,,,,,,,,
,,,,,,,,,,,,,,,,,,,,,,,,,,,,
,,,,,,,,,,,,,,,,,,,,,,,,,,,,
,,,,,,,,,,,,,,,,,,,,,,,,,,,,
,,,,,,,,,,,,,,,,,,,,,,,,,,,,
,,,,,,,,,,,,,,,,,,,,,,,,,,,,
,,,,,,,,,,,,,,,,,,,,,,,,,,,,
,,,,,,,,,,,,,,,,,,,,,,,,,,,,
,,,,,,,,,,,,,,,,,,,,,,,,,,,,
,,,,,,,,,,,,,,,,,,,,,,,,,,,,
,,,,,,,,,,,,,,,,,,,,,,,,,,,,
,,,,,,,,,,,,,,,,,,,,,,,,,,,,
,,,,,,,,,,,,,,,,,,,,,,,,,,,,
,,,,,,,,,,,,,,,,,,,,,,,,,,,,
,,,,,,,,,,,,,,,,,,,,,,,,,,,,
,,,,,,,,,,,,,,,,,,,,,,,,,,,,
,,,,,,,,,,,,,,,,,,,,,,,,,,,,
,,,,,,,,,,,,,,,,,,,,,,,,,,,,
,,,,,,,,,,,,,,,,,,,,,,,,,,,,
,,,,,,,,,,,,,,,,,,,,,,,,,,,,
,,,,,,,,,,,,,,,,,,,,,,,,,,,,
,,,,,,,,,,,,,,,,,,,,,,,,,,,,
,,,,,,,,,,,,,,,,,,,,,,,,,,,,
,,,,,,,,,,,,,,,,,,,,,,,,,,,,
,,,,,,,,,,,,,,,,,,,,,,,,,,,,
,,,,,,,,,,,,,,,,,,,,,,,,,,,,
,,,,,,,,,,,,,,,,,,,,,,,,,,,,
,,,,,,,,,,,,,,,,,,,,,,,,,,,,
,,,,,,,,,,,,,,,,,,,,,,,,,,,,
,,,,,,,,,,,,,,,,,,,,,,,,,,,,
,,,,,,,,,,,,,,,,,,,,,,,,,,,,
,,,,,,,,,,,,,,,,,,,,,,,,,,,,
,,,,,,,,,,,,,,,,,,,,,,,,,,,,
,,,,,,,,,,,,,,,,,,,,,,,,,,,,
,,,,,,,,,,,,,,,,,,,,,,,,,,,,
,,,,,,,,,,,,,,,,,,,,,,,,,,,,
,,,,,,,,,,,,,,,,,,,,,,,,,,,,
,,,,,,,,,,,,,,,,,,,,,,,,,,,,
,,,,,,,,,,,,,,,,,,,,,,,,,,,,
,,,,,,,,,,,,,,,,,,,,,,,,,,,,
,,,,,,,,,,,,,,,,,,,,,,,,,,,,
,,,,,,,,,,,,,,,,,,,,,,,,,,,,
,,,,,,,,,,,,,,,,,,,,,,,,,,,,
,,,,,,,,,,,,,,,,,,,,,,,,,,,,
,,,,,,,,,,,,,,,,,,,,,,,,,,,,
,,,,,,,,,,,,,,,,,,,,,,,,,,,,
,,,,,,,,,,,,,,,,,,,,,,,,,,,,
,,,,,,,,,,,,,,,,,,,,,,,,,,,,
,,,,,,,,,,,,,,,,,,,,,,,,,,,,
,,,,,,,,,,,,,,,,,,,,,,,,,,,,
,,,,,,,,,,,,,,,,,,,,,,,,,,,,
,,,,,,,,,,,,,,,,,,,,,,,,,,,,
,,,,,,,,,,,,,,,,,,,,,,,,,,,,
,,,,,,,,,,,,,,,,,,,,,,,,,,,,
,,,,,,,,,,,,,,,,,,,,,,,,,,,,
,,,,,,,,,,,,,,,,,,,,,,,,,,,,
,,,,,,,,,,,,,,,,,,,,,,,,,,,,
,,,,,,,,,,,,,,,,,,,,,,,,,,,,
,,,,,,,,,,,,,,,,,,,,,,,,,,,,
,,,,,,,,,,,,,,,,,,,,,,,,,,,,
,,,,,,,,,,,,,,,,,,,,,,,,,,,,
,,,,,,,,,,,,,,,,,,,,,,,,,,,,
,,,,,,,,,,,,,,,,,,,,,,,,,,,,
,,,,,,,,,,,,,,,,,,,,,,,,,,,,
,,,,,,,,,,,,,,,,,,,,,,,,,,,,
,,,,,,,,,,,,,,,,,,,,,,,,,,,,
,,,,,,,,,,,,,,,,,,,,,,,,,,,,
,,,,,,,,,,,,,,,,,,,,,,,,,,,,
,,,,,,,,,,,,,,,,,,,,,,,,,,,,
,,,,,,,,,,,,,,,,,,,,,,,,,,,,
,,,,,,,,,,,,,,,,,,,,,,,,,,,,
,,,,,,,,,,,,,,,,,,,,,,,,,,,,
,,,,,,,,,,,,,,,,,,,,,,,,,,,,
,,,,,,,,,,,,,,,,,,,,,,,,,,,,
,,,,,,,,,,,,,,,,,,,,,,,,,,,,
,,,,,,,,,,,,,,,,,,,,,,,,,,,,
,,,,,,,,,,,,,,,,,,,,,,,,,,,,
,,,,,,,,,,,,,,,,,,,,,,,,,,,,
,,,,,,,,,,,,,,,,,,,,,,,,,,,,
,,,,,,,,,,,,,,,,,,,,,,,,,,,,
,,,,,,,,,,,,,,,,,,,,,,,,,,,,
,,,,,,,,,,,,,,,,,,,,,,,,,,,,
,,,,,,,,,,,,,,,,,,,,,,,,,,,,
,,,,,,,,,,,,,,,,,,,,,,,,,,,,
,,,,,,,,,,,,,,,,,,,,,,,,,,,,
,,,,,,,,,,,,,,,,,,,,,,,,,,,,
,,,,,,,,,,,,,,,,,,,,,,,,,,,,
,,,,,,,,,,,,,,,,,,,,,,,,,,,,
,,,,,,,,,,,,,,,,,,,,,,,,,,,,
,,,,,,,,,,,,,,,,,,,,,,,,,,,,
,,,,,,,,,,,,,,,,,,,,,,,,,,,,
,,,,,,,,,,,,,,,,,,,,,,,,,,,,
,,,,,,,,,,,,,,,,,,,,,,,,,,,,
,,,,,,,,,,,,,,,,,,,,,,,,,,,,
,,,,,,,,,,,,,,,,,,,,,,,,,,,,
,,,,,,,,,,,,,,,,,,,,,,,,,,,,
,,,,,,,,,,,,,,,,,,,,,,,,,,,,
,,,,,,,,,,,,,,,,,,,,,,,,,,,,
,,,,,,,,,,,,,,,,,,,,,,,,,,,,
,,,,,,,,,,,,,,,,,,,,,,,,,,,,
,,,,,,,,,,,,,,,,,,,,,,,,,,,,
,,,,,,,,,,,,,,,,,,,,,,,,,,,,
,,,,,,,,,,,,,,,,,,,,,,,,,,,,
,,,,,,,,,,,,,,,,,,,,,,,,,,,,
,,,,,,,,,,,,,,,,,,,,,,,,,,,,
,,,,,,,,,,,,,,,,,,,,,,,,,,,,
,,,,,,,,,,,,,,,,,,,,,,,,,,,,
,,,,,,,,,,,,,,,,,,,,,,,,,,,,
,,,,,,,,,,,,,,,,,,,,,,,,,,,,
,,,,,,,,,,,,,,,,,,,,,,,,,,,,
,,,,,,,,,,,,,,,,,,,,,,,,,,,,
,,,,,,,,,,,,,,,,,,,,,,,,,,,,
,,,,,,,,,,,,,,,,,,,,,,,,,,,,
,,,,,,,,,,,,,,,,,,,,,,,,,,,,
,,,,,,,,,,,,,,,,,,,,,,,,,,,,
,,,,,,,,,,,,,,,,,,,,,,,,,,,,
,,,,,,,,,,,,,,,,,,,,,,,,,,,,
,,,,,,,,,,,,,,,,,,,,,,,,,,,,
,,,,,,,,,,,,,,,,,,,,,,,,,,,,
,,,,,,,,,,,,,,,,,,,,,,,,,,,,
,,,,,,,,,,,,,,,,,,,,,,,,,,,,
,,,,,,,,,,,,,,,,,,,,,,,,,,,,
,,,,,,,,,,,,,,,,,,,,,,,,,,,,
,,,,,,,,,,,,,,,,,,,,,,,,,,,,
,,,,,,,,,,,,,,,,,,,,,,,,,,,,
,,,,,,,,,,,,,,,,,,,,,,,,,,,,
,,,,,,,,,,,,,,,,,,,,,,,,,,,,
,,,,,,,,,,,,,,,,,,,,,,,,,,,,
,,,,,,,,,,,,,,,,,,,,,,,,,,,,
,,,,,,,,,,,,,,,,,,,,,,,,,,,,
,,,,,,,,,,,,,,,,,,,,,,,,,,,,
,,,,,,,,,,,,,,,,,,,,,,,,,,,,
,,,,,,,,,,,,,,,,,,,,,,,,,,,,
,,,,,,,,,,,,,,,,,,,,,,,,,,,,
,,,,,,,,,,,,,,,,,,,,,,,,,,,,
,,,,,,,,,,,,,,,,,,,,,,,,,,,,
,,,,,,,,,,,,,,,,,,,,,,,,,,,,
,,,,,,,,,,,,,,,,,,,,,,,,,,,,
,,,,,,,,,,,,,,,,,,,,,,,,,,,,
,,,,,,,,,,,,,,,,,,,,,,,,,,,,
,,,,,,,,,,,,,,,,,,,,,,,,,,,,
,,,,,,,,,,,,,,,,,,,,,,,,,,,,
,,,,,,,,,,,,,,,,,,,,,,,,,,,,
,,,,,,,,,,,,,,,,,,,,,,,,,,,,
,,,,,,,,,,,,,,,,,,,,,,,,,,,,
,,,,,,,,,,,,,,,,,,,,,,,,,,,,
,,,,,,,,,,,,,,,,,,,,,,,,,,,,
,,,,,,,,,,,,,,,,,,,,,,,,,,,,
,,,,,,,,,,,,,,,,,,,,,,,,,,,,
,,,,,,,,,,,,,,,,,,,,,,,,,,,,
,,,,,,,,,,,,,,,,,,,,,,,,,,,,
,,,,,,,,,,,,,,,,,,,,,,,,,,,,
,,,,,,,,,,,,,,,,,,,,,,,,,,,,
,,,,,,,,,,,,,,,,,,,,,,,,,,,,
,,,,,,,,,,,,,,,,,,,,,,,,,,,,
,,,,,,,,,,,,,,,,,,,,,,,,,,,,
,,,,,,,,,,,,,,,,,,,,,,,,,,,,
,,,,,,,,,,,,,,,,,,,,,,,,,,,,
,,,,,,,,,,,,,,,,,,,,,,,,,,,,
,,,,,,,,,,,,,,,,,,,,,,,,,,,,
,,,,,,,,,,,,,,,,,,,,,,,,,,,,
,,,,,,,,,,,,,,,,,,,,,,,,,,,,
,,,,,,,,,,,,,,,,,,,,,,,,,,,,
,,,,,,,,,,,,,,,,,,,,,,,,,,,,
,,,,,,,,,,,,,,,,,,,,,,,,,,,,
,,,,,,,,,,,,,,,,,,,,,,,,,,,,
,,,,,,,,,,,,,,,,,,,,,,,,,,,,
,,,,,,,,,,,,,,,,,,,,,,,,,,,,
,,,,,,,,,,,,,,,,,,,,,,,,,,,,
,,,,,,,,,,,,,,,,,,,,,,,,,,,,
,,,,,,,,,,,,,,,,,,,,,,,,,,,,
,,,,,,,,,,,,,,,,,,,,,,,,,,,,
,,,,,,,,,,,,,,,,,,,,,,,,,,,,
,,,,,,,,,,,,,,,,,,,,,,,,,,,,
,,,,,,,,,,,,,,,,,,,,,,,,,,,,
,,,,,,,,,,,,,,,,,,,,,,,,,,,,
,,,,,,,,,,,,,,,,,,,,,,,,,,,,
,,,,,,,,,,,,,,,,,,,,,,,,,,,,
,,,,,,,,,,,,,,,,,,,,,,,,,,,,
,,,,,,,,,,,,,,,,,,,,,,,,,,,,
,,,,,,,,,,,,,,,,,,,,,,,,,,,,
,,,,,,,,,,,,,,,,,,,,,,,,,,,,
,,,,,,,,,,,,,,,,,,,,,,,,,,,,
,,,,,,,,,,,,,,,,,,,,,,,,,,,,
,,,,,,,,,,,,,,,,,,,,,,,,,,,,
,,,,,,,,,,,,,,,,,,,,,,,,,,,,
,,,,,,,,,,,,,,,,,,,,,,,,,,,,
,,,,,,,,,,,,,,,,,,,,,,,,,,,,
,,,,,,,,,,,,,,,,,,,,,,,,,,,,
,,,,,,,,,,,,,,,,,,,,,,,,,,,,
,,,,,,,,,,,,,,,,,,,,,,,,,,,,
,,,,,,,,,,,,,,,,,,,,,,,,,,,,
,,,,,,,,,,,,,,,,,,,,,,,,,,,,
,,,,,,,,,,,,,,,,,,,,,,,,,,,,
,,,,,,,,,,,,,,,,,,,,,,,,,,,,
,,,,,,,,,,,,,,,,,,,,,,,,,,,,
,,,,,,,,,,,,,,,,,,,,,,,,,,,,
,,,,,,,,,,,,,,,,,,,,,,,,,,,,
,,,,,,,,,,,,,,,,,,,,,,,,,,,,
,,,,,,,,,,,,,,,,,,,,,,,,,,,,
,,,,,,,,,,,,,,,,,,,,,,,,,,,,
,,,,,,,,,,,,,,,,,,,,,,,,,,,,
,,,,,,,,,,,,,,,,,,,,,,,,,,,,
,,,,,,,,,,,,,,,,,,,,,,,,,,,,
,,,,,,,,,,,,,,,,,,,,,,,,,,,,
,,,,,,,,,,,,,,,,,,,,,,,,,,,,
,,,,,,,,,,,,,,,,,,,,,,,,,,,,
,,,,,,,,,,,,,,,,,,,,,,,,,,,,
,,,,,,,,,,,,,,,,,,,,,,,,,,,,
,,,,,,,,,,,,,,,,,,,,,,,,,,,,
,,,,,,,,,,,,,,,,,,,,,,,,,,,,
,,,,,,,,,,,,,,,,,,,,,,,,,,,,
,,,,,,,,,,,,,,,,,,,,,,,,,,,,
,,,,,,,,,,,,,,,,,,,,,,,,,,,,
,,,,,,,,,,,,,,,,,,,,,,,,,,,,
,,,,,,,,,,,,,,,,,,,,,,,,,,,,
,,,,,,,,,,,,,,,,,,,,,,,,,,,,
,,,,,,,,,,,,,,,,,,,,,,,,,,,,
,,,,,,,,,,,,,,,,,,,,,,,,,,,,
,,,,,,,,,,,,,,,,,,,,,,,,,,,,
,,,,,,,,,,,,,,,,,,,,,,,,,,,,
,,,,,,,,,,,,,,,,,,,,,,,,,,,,
,,,,,,,,,,,,,,,,,,,,,,,,,,,,
,,,,,,,,,,,,,,,,,,,,,,,,,,,,
,,,,,,,,,,,,,,,,,,,,,,,,,,,,
,,,,,,,,,,,,,,,,,,,,,,,,,,,,
,,,,,,,,,,,,,,,,,,,,,,,,,,,,
,,,,,,,,,,,,,,,,,,,,,,,,,,,,
,,,,,,,,,,,,,,,,,,,,,,,,,,,,
,,,,,,,,,,,,,,,,,,,,,,,,,,,,
,,,,,,,,,,,,,,,,,,,,,,,,,,,,
,,,,,,,,,,,,,,,,,,,,,,,,,,,,
,,,,,,,,,,,,,,,,,,,,,,,,,,,,
,,,,,,,,,,,,,,,,,,,,,,,,,,,,
,,,,,,,,,,,,,,,,,,,,,,,,,,,,
,,,,,,,,,,,,,,,,,,,,,,,,,,,,
,,,,,,,,,,,,,,,,,,,,,,,,,,,,
,,,,,,,,,,,,,,,,,,,,,,,,,,,,
,,,,,,,,,,,,,,,,,,,,,,,,,,,,
,,,,,,,,,,,,,,,,,,,,,,,,,,,,
,,,,,,,,,,,,,,,,,,,,,,,,,,,,
,,,,,,,,,,,,,,,,,,,,,,,,,,,,
,,,,,,,,,,,,,,,,,,,,,,,,,,,,
,,,,,,,,,,,,,,,,,,,,,,,,,,,,
,,,,,,,,,,,,,,,,,,,,,,,,,,,,
,,,,,,,,,,,,,,,,,,,,,,,,,,,,
,,,,,,,,,,,,,,,,,,,,,,,,,,,,
,,,,,,,,,,,,,,,,,,,,,,,,,,,,
,,,,,,,,,,,,,,,,,,,,,,,,,,,,
,,,,,,,,,,,,,,,,,,,,,,,,,,,,
,,,,,,,,,,,,,,,,,,,,,,,,,,,,
,,,,,,,,,,,,,,,,,,,,,,,,,,,,
,,,,,,,,,,,,,,,,,,,,,,,,,,,,
,,,,,,,,,,,,,,,,,,,,,,,,,,,,
,,,,,,,,,,,,,,,,,,,,,,,,,,,,
,,,,,,,,,,,,,,,,,,,,,,,,,,,,
,,,,,,,,,,,,,,,,,,,,,,,,,,,,
,,,,,,,,,,,,,,,,,,,,,,,,,,,,
,,,,,,,,,,,,,,,,,,,,,,,,,,,,
,,,,,,,,,,,,,,,,,,,,,,,,,,,,
,,,,,,,,,,,,,,,,,,,,,,,,,,,,
,,,,,,,,,,,,,,,,,,,,,,,,,,,,
,,,,,,,,,,,,,,,,,,,,,,,,,,,,
,,,,,,,,,,,,,,,,,,,,,,,,,,,,
,,,,,,,,,,,,,,,,,,,,,,,,,,,,
,,,,,,,,,,,,,,,,,,,,,,,,,,,,
,,,,,,,,,,,,,,,,,,,,,,,,,,,,
,,,,,,,,,,,,,,,,,,,,,,,,,,,,
,,,,,,,,,,,,,,,,,,,,,,,,,,,,
,,,,,,,,,,,,,,,,,,,,,,,,,,,,
,,,,,,,,,,,,,,,,,,,,,,,,,,,,
,,,,,,,,,,,,,,,,,,,,,,,,,,,,
,,,,,,,,,,,,,,,,,,,,,,,,,,,,
,,,,,,,,,,,,,,,,,,,,,,,,,,,,
,,,,,,,,,,,,,,,,,,,,,,,,,,,,
,,,,,,,,,,,,,,,,,,,,,,,,,,,,
,,,,,,,,,,,,,,,,,,,,,,,,,,,,
,,,,,,,,,,,,,,,,,,,,,,,,,,,,
,,,,,,,,,,,,,,,,,,,,,,,,,,,,
,,,,,,,,,,,,,,,,,,,,,,,,,,,,
,,,,,,,,,,,,,,,,,,,,,,,,,,,,
,,,,,,,,,,,,,,,,,,,,,,,,,,,,
,,,,,,,,,,,,,,,,,,,,,,,,,,,,
,,,,,,,,,,,,,,,,,,,,,,,,,,,,
,,,,,,,,,,,,,,,,,,,,,,,,,,,,
,,,,,,,,,,,,,,,,,,,,,,,,,,,,
,,,,,,,,,,,,,,,,,,,,,,,,,,,,
,,,,,,,,,,,,,,,,,,,,,,,,,,,,
,,,,,,,,,,,,,,,,,,,,,,,,,,,,
,,,,,,,,,,,,,,,,,,,,,,,,,,,,
,,,,,,,,,,,,,,,,,,,,,,,,,,,,
,,,,,,,,,,,,,,,,,,,,,,,,,,,,
,,,,,,,,,,,,,,,,,,,,,,,,,,,,
,,,,,,,,,,,,,,,,,,,,,,,,,,,,
,,,,,,,,,,,,,,,,,,,,,,,,,,,,
,,,,,,,,,,,,,,,,,,,,,,,,,,,,
,,,,,,,,,,,,,,,,,,,,,,,,,,,,
,,,,,,,,,,,,,,,,,,,,,,,,,,,,
,,,,,,,,,,,,,,,,,,,,,,,,,,,,
,,,,,,,,,,,,,,,,,,,,,,,,,,,,
,,,,,,,,,,,,,,,,,,,,,,,,,,,,
,,,,,,,,,,,,,,,,,,,,,,,,,,,,
,,,,,,,,,,,,,,,,,,,,,,,,,,,,
,,,,,,,,,,,,,,,,,,,,,,,,,,,,
,,,,,,,,,,,,,,,,,,,,,,,,,,,,
,,,,,,,,,,,,,,,,,,,,,,,,,,,,
,,,,,,,,,,,,,,,,,,,,,,,,,,,,
,,,,,,,,,,,,,,,,,,,,,,,,,,,,
,,,,,,,,,,,,,,,,,,,,,,,,,,,,
,,,,,,,,,,,,,,,,,,,,,,,,,,,,
,,,,,,,,,,,,,,,,,,,,,,,,,,,,
,,,,,,,,,,,,,,,,,,,,,,,,,,,,
,,,,,,,,,,,,,,,,,,,,,,,,,,,,
,,,,,,,,,,,,,,,,,,,,,,,,,,,,
,,,,,,,,,,,,,,,,,,,,,,,,,,,,
,,,,,,,,,,,,,,,,,,,,,,,,,,,,
,,,,,,,,,,,,,,,,,,,,,,,,,,,,
,,,,,,,,,,,,,,,,,,,,,,,,,,,,
,,,,,,,,,,,,,,,,,,,,,,,,,,,,
,,,,,,,,,,,,,,,,,,,,,,,,,,,,
,,,,,,,,,,,,,,,,,,,,,,,,,,,,
,,,,,,,,,,,,,,,,,,,,,,,,,,,,
,,,,,,,,,,,,,,,,,,,,,,,,,,,,
,,,,,,,,,,,,,,,,,,,,,,,,,,,,
,,,,,,,,,,,,,,,,,,,,,,,,,,,,
,,,,,,,,,,,,,,,,,,,,,,,,,,,,
,,,,,,,,,,,,,,,,,,,,,,,,,,,,
,,,,,,,,,,,,,,,,,,,,,,,,,,,,
,,,,,,,,,,,,,,,,,,,,,,,,,,,,
,,,,,,,,,,,,,,,,,,,,,,,,,,,,
,,,,,,,,,,,,,,,,,,,,,,,,,,,,
,,,,,,,,,,,,,,,,,,,,,,,,,,,,
,,,,,,,,,,,,,,,,,,,,,,,,,,,,
,,,,,,,,,,,,,,,,,,,,,,,,,,,,
,,,,,,,,,,,,,,,,,,,,,,,,,,,,
,,,,,,,,,,,,,,,,,,,,,,,,,,,,
,,,,,,,,,,,,,,,,,,,,,,,,,,,,
,,,,,,,,,,,,,,,,,,,,,,,,,,,,
,,,,,,,,,,,,,,,,,,,,,,,,,,,,
,,,,,,,,,,,,,,,,,,,,,,,,,,,,
,,,,,,,,,,,,,,,,,,,,,,,,,,,,
,,,,,,,,,,,,,,,,,,,,,,,,,,,,
,,,,,,,,,,,,,,,,,,,,,,,,,,,,
,,,,,,,,,,,,,,,,,,,,,,,,,,,,
,,,,,,,,,,,,,,,,,,,,,,,,,,,,
,,,,,,,,,,,,,,,,,,,,,,,,,,,,
,,,,,,,,,,,,,,,,,,,,,,,,,,,,
,,,,,,,,,,,,,,,,,,,,,,,,,,,,
,,,,,,,,,,,,,,,,,,,,,,,,,,,,
,,,,,,,,,,,,,,,,,,,,,,,,,,,,
,,,,,,,,,,,,,,,,,,,,,,,,,,,,
,,,,,,,,,,,,,,,,,,,,,,,,,,,,
,,,,,,,,,,,,,,,,,,,,,,,,,,,,
,,,,,,,,,,,,,,,,,,,,,,,,,,,,
,,,,,,,,,,,,,,,,,,,,,,,,,,,,
,,,,,,,,,,,,,,,,,,,,,,,,,,,,
,,,,,,,,,,,,,,,,,,,,,,,,,,,,
,,,,,,,,,,,,,,,,,,,,,,,,,,,,
,,,,,,,,,,,,,,,,,,,,,,,,,,,,
,,,,,,,,,,,,,,,,,,,,,,,,,,,,
,,,,,,,,,,,,,,,,,,,,,,,,,,,,
,,,,,,,,,,,,,,,,,,,,,,,,,,,,
,,,,,,,,,,,,,,,,,,,,,,,,,,,,
,,,,,,,,,,,,,,,,,,,,,,,,,,,,
,,,,,,,,,,,,,,,,,,,,,,,,,,,,
,,,,,,,,,,,,,,,,,,,,,,,,,,,,
,,,,,,,,,,,,,,,,,,,,,,,,,,,,
,,,,,,,,,,,,,,,,,,,,,,,,,,,,
,,,,,,,,,,,,,,,,,,,,,,,,,,,,
,,,,,,,,,,,,,,,,,,,,,,,,,,,,
,,,,,,,,,,,,,,,,,,,,,,,,,,,,
,,,,,,,,,,,,,,,,,,,,,,,,,,,,
,,,,,,,,,,,,,,,,,,,,,,,,,,,,
,,,,,,,,,,,,,,,,,,,,,,,,,,,,
,,,,,,,,,,,,,,,,,,,,,,,,,,,,
,,,,,,,,,,,,,,,,,,,,,,,,,,,,
,,,,,,,,,,,,,,,,,,,,,,,,,,,,
,,,,,,,,,,,,,,,,,,,,,,,,,,,,
,,,,,,,,,,,,,,,,,,,,,,,,,,,,
,,,,,,,,,,,,,,,,,,,,,,,,,,,,
,,,,,,,,,,,,,,,,,,,,,,,,,,,,
,,,,,,,,,,,,,,,,,,,,,,,,,,,,
,,,,,,,,,,,,,,,,,,,,,,,,,,,,
,,,,,,,,,,,,,,,,,,,,,,,,,,,,
,,,,,,,,,,,,,,,,,,,,,,,,,,,,
,,,,,,,,,,,,,,,,,,,,,,,,,,,,
,,,,,,,,,,,,,,,,,,,,,,,,,,,,
,,,,,,,,,,,,,,,,,,,,,,,,,,,,
,,,,,,,,,,,,,,,,,,,,,,,,,,,,
,,,,,,,,,,,,,,,,,,,,,,,,,,,,
,,,,,,,,,,,,,,,,,,,,,,,,,,,,
,,,,,,,,,,,,,,,,,,,,,,,,,,,,
,,,,,,,,,,,,,,,,,,,,,,,,,,,,
,,,,,,,,,,,,,,,,,,,,,,,,,,,,
,,,,,,,,,,,,,,,,,,,,,,,,,,,,
,,,,,,,,,,,,,,,,,,,,,,,,,,,,
,,,,,,,,,,,,,,,,,,,,,,,,,,,,
,,,,,,,,,,,,,,,,,,,,,,,,,,,,
,,,,,,,,,,,,,,,,,,,,,,,,,,,,
,,,,,,,,,,,,,,,,,,,,,,,,,,,,
,,,,,,,,,,,,,,,,,,,,,,,,,,,,
,,,,,,,,,,,,,,,,,,,,,,,,,,,,
,,,,,,,,,,,,,,,,,,,,,,,,,,,,
,,,,,,,,,,,,,,,,,,,,,,,,,,,,
,,,,,,,,,,,,,,,,,,,,,,,,,,,,
,,,,,,,,,,,,,,,,,,,,,,,,,,,,
,,,,,,,,,,,,,,,,,,,,,,,,,,,,
,,,,,,,,,,,,,,,,,,,,,,,,,,,,
,,,,,,,,,,,,,,,,,,,,,,,,,,,,
,,,,,,,,,,,,,,,,,,,,,,,,,,,,
,,,,,,,,,,,,,,,,,,,,,,,,,,,,
,,,,,,,,,,,,,,,,,,,,,,,,,,,,
,,,,,,,,,,,,,,,,,,,,,,,,,,,,
,,,,,,,,,,,,,,,,,,,,,,,,,,,,
,,,,,,,,,,,,,,,,,,,,,,,,,,,,
,,,,,,,,,,,,,,,,,,,,,,,,,,,,
,,,,,,,,,,,,,,,,,,,,,,,,,,,,
,,,,,,,,,,,,,,,,,,,,,,,,,,,,
,,,,,,,,,,,,,,,,,,,,,,,,,,,,
,,,,,,,,,,,,,,,,,,,,,,,,,,,,
,,,,,,,,,,,,,,,,,,,,,,,,,,,,
,,,,,,,,,,,,,,,,,,,,,,,,,,,,
,,,,,,,,,,,,,,,,,,,,,,,,,,,,
,,,,,,,,,,,,,,,,,,,,,,,,,,,,
,,,,,,,,,,,,,,,,,,,,,,,,,,,,
,,,,,,,,,,,,,,,,,,,,,,,,,,,,
,,,,,,,,,,,,,,,,,,,,,,,,,,,,
,,,,,,,,,,,,,,,,,,,,,,,,,,,,
,,,,,,,,,,,,,,,,,,,,,,,,,,,,
,,,,,,,,,,,,,,,,,,,,,,,,,,,,
,,,,,,,,,,,,,,,,,,,,,,,,,,,,
,,,,,,,,,,,,,,,,,,,,,,,,,,,,
,,,,,,,,,,,,,,,,,,,,,,,,,,,,
,,,,,,,,,,,,,,,,,,,,,,,,,,,,
,,,,,,,,,,,,,,,,,,,,,,,,,,,,
,,,,,,,,,,,,,,,,,,,,,,,,,,,,
,,,,,,,,,,,,,,,,,,,,,,,,,,,,
,,,,,,,,,,,,,,,,,,,,,,,,,,,,
,,,,,,,,,,,,,,,,,,,,,,,,,,,,
,,,,,,,,,,,,,,,,,,,,,,,,,,,,
,,,,,,,,,,,,,,,,,,,,,,,,,,,,
,,,,,,,,,,,,,,,,,,,,,,,,,,,,
,,,,,,,,,,,,,,,,,,,,,,,,,,,,
,,,,,,,,,,,,,,,,,,,,,,,,,,,,
,,,,,,,,,,,,,,,,,,,,,,,,,,,,
,,,,,,,,,,,,,,,,,,,,,,,,,,,,
,,,,,,,,,,,,,,,,,,,,,,,,,,,,
,,,,,,,,,,,,,,,,,,,,,,,,,,,,
,,,,,,,,,,,,,,,,,,,,,,,,,,,,
,,,,,,,,,,,,,,,,,,,,,,,,,,,,
,,,,,,,,,,,,,,,,,,,,,,,,,,,,
,,,,,,,,,,,,,,,,,,,,,,,,,,,,
,,,,,,,,,,,,,,,,,,,,,,,,,,,,
,,,,,,,,,,,,,,,,,,,,,,,,,,,,
,,,,,,,,,,,,,,,,,,,,,,,,,,,,
,,,,,,,,,,,,,,,,,,,,,,,,,,,,
,,,,,,,,,,,,,,,,,,,,,,,,,,,,
,,,,,,,,,,,,,,,,,,,,,,,,,,,,
,,,,,,,,,,,,,,,,,,,,,,,,,,,,
,,,,,,,,,,,,,,,,,,,,,,,,,,,,
,,,,,,,,,,,,,,,,,,,,,,,,,,,,
,,,,,,,,,,,,,,,,,,,,,,,,,,,,
,,,,,,,,,,,,,,,,,,,,,,,,,,,,
,,,,,,,,,,,,,,,,,,,,,,,,,,,,
,,,,,,,,,,,,,,,,,,,,,,,,,,,,
,,,,,,,,,,,,,,,,,,,,,,,,,,,,
,,,,,,,,,,,,,,,,,,,,,,,,,,,,
,,,,,,,,,,,,,,,,,,,,,,,,,,,,
,,,,,,,,,,,,,,,,,,,,,,,,,,,,
,,,,,,,,,,,,,,,,,,,,,,,,,,,,
,,,,,,,,,,,,,,,,,,,,,,,,,,,,
,,,,,,,,,,,,,,,,,,,,,,,,,,,,
,,,,,,,,,,,,,,,,,,,,,,,,,,,,
,,,,,,,,,,,,,,,,,,,,,,,,,,,,
,,,,,,,,,,,,,,,,,,,,,,,,,,,,
,,,,,,,,,,,,,,,,,,,,,,,,,,,,
,,,,,,,,,,,,,,,,,,,,,,,,,,,,
,,,,,,,,,,,,,,,,,,,,,,,,,,,,
,,,,,,,,,,,,,,,,,,,,,,,,,,,,
,,,,,,,,,,,,,,,,,,,,,,,,,,,,
,,,,,,,,,,,,,,,,,,,,,,,,,,,,
,,,,,,,,,,,,,,,,,,,,,,,,,,,,
,,,,,,,,,,,,,,,,,,,,,,,,,,,,
,,,,,,,,,,,,,,,,,,,,,,,,,,,,
,,,,,,,,,,,,,,,,,,,,,,,,,,,,
,,,,,,,,,,,,,,,,,,,,,,,,,,,,
